check,quantitative_result,finding,qualification,evidence_source
Gaussian noise on raw sequence view,std=0.20 in standardised space; RMSE 12.1026; increase 0.31%,The fusion model is comparatively stable to moderate perturbation of the raw sequence view.,"Synthetic Gaussian noise in standardised space is a controlled sensitivity test, not a complete field-noise model.",reports/robustness/robustness_summary_multiview_fd001.csv
Gaussian noise on derived view,std=0.20 in standardised space; RMSE 12.5102; increase 3.68%,The model is more sensitive to derived-feature perturbation than to raw-sequence perturbation.,The result applies to the frozen seed-42 fusion model and selected perturbation magnitude.,reports/robustness/robustness_summary_multiview_fd001.csv
Combined Gaussian noise,std=0.20; RMSE 12.5906; increase 4.35%,Simultaneous perturbation of both views causes a larger but still controlled degradation than raw-view noise alone.,Synthetic standardised perturbation only.,reports/robustness/robustness_summary_multiview_fd001.csv
Random masking at 30%,sequence RMSE 12.5428; derived RMSE 17.7557; combined RMSE 19.0455,Random masking confirms greater sensitivity to the derived view and the strongest degradation when both views are affected.,"Masked values are replaced by zero after standardisation, approximately the training mean.",reports/robustness/robustness_summary_multiview_fd001.csv
Complete derived-view masking,RMSE 42.5692; R² -0.0354,The frozen fusion model is not robust to complete loss of the derived degradation branch.,Inference-time missing-view sensitivity; not a separately trained raw-sequence model.,reports/robustness/robustness_summary_multiview_fd001.csv
RUL-region error,near failure RMSE 4.4301; mid degradation 12.0633; early/capped 13.5262,Prediction is most accurate near failure and less accurate in the early or capped lifecycle region.,Region sizes differ and the capped target compresses early-life labels.,reports/robustness/rul_range_error_analysis_multiview_fd001.csv
Prediction bias,mean error -2.2779; under-prediction rate 0.5648; within 20 cycles 0.9046,The historical seed-42 fusion model has a modest aggregate under-prediction tendency.,Mean error is prediction minus actual; business consequences of early and late predictions were not cost-weighted.,reports/robustness/prediction_bias_summary_multiview_fd001.csv
Repeated perturbation stability,RMSE standard deviation range 0.0092–0.0339 across repeated noise runs,The selected stochastic perturbation results are stable across repeated random draws.,Five repeats at one noise magnitude; descriptive rather than inferential evidence.,reports/robustness/repeated_noise_stability_summary_multiview_fd001.csv
Exploratory MC Dropout uncertainty,30 passes; mean std 7.4738; median std 7.7246; uncertainty-error correlation 0.4875,Predictive dispersion has moderate alignment with absolute error and may help identify difficult cases.,MC Dropout dispersion is exploratory and uncalibrated; it is not a confidence interval or reliability guarantee.,reports/robustness/mc_dropout_uncertainty_summary_multiview_fd001.csv
